"","Adrenal","B.Cell","Bladder","Bone.Marrow","Brain","Breast","Central.nervous.system","Cervical","Colon.Rectum","Endometrial.Uterus","Esophagus.Adenocarcinoma.Stomach","Esophagus.Squamous.Cell.Carcinoma","Head.and.Neck","Kidney.Chromophobe","Kidney.Clear.Cell.Renal.Carcinoma","Kidney.Papillary.Renal.Cell.Carcinoma","Liver","Non.glabrous.skin","Non.small.cell.Lung.Carcinoma","Pancreas","Pheochromocytoma.and.Paraganglioma","Pleura","Prostate","Sarcoma","Small.Cell.Lung.Carcinoma","Testes","Thymoma","Thyroid","Uveal.Melanoma"
"B19-23929-A13_203941510062_R07C01",1.34353843473938e-307,3.56156681421859e-223,4.12502441127723e-86,1.8921848071453e-227,4.17663496172663e-278,3.58323193102236e-84,1.8211258682633e-293,5.74346587472139e-32,5.4376721908694e-121,0.999999999739769,2.60231010804691e-10,1.92660641196032e-58,2.38391162333867e-61,4.97555285845044e-316,6.97687362992813e-164,6.46746078216054e-161,5.68653595594607e-215,7.41241552149168e-315,3.38209168021451e-72,9.52835738259024e-53,1.70267438226846e-291,7.89379628324903e-169,2.26661846486663e-293,8.6889416122043e-87,5.19505833826872e-66,9.38107549958156e-99,1.12401923882847e-276,0,0
"B19-23929-H4_203941510062_R08C01",0,3.9319008220634e-311,7.95813858748351e-83,3.56798592423467e-292,0,1.4078527583009e-94,0,5.11838086498991e-54,1.3058522005012e-125,8.48409171806183e-56,5.90666887672062e-52,3.59447090515629e-73,8.3188824469113e-88,5.25944117796073e-285,3.22763540777724e-192,1.70934909379043e-159,3.27759201840971e-247,1.94490423682344e-318,4.04461594420249e-81,3.7791557116467e-87,0,2.72667153135463e-194,0,8.02738886758548e-86,1,2.80948662224267e-286,0,0,0
